pareto_idx,magnets,layers,sim_ppm,asbuilt_p90_ppm,B0_mT,length_mm
17,588,2,33360.67932982168,35438.72040145484,53.684780642564355,118.544
3,594,2,24380.07798791792,26604.2895541015,52.057247760901404,123.268
13,596,2,63279.84042739912,65135.95901604832,61.35883581139661,104.95599999999999
0,598,2,20745.641670475794,22879.11810978686,50.01219702860335,114.746
33,598,2,34507.57541059786,36652.011466988784,54.59791923890445,118.982
31,598,2,34507.57541059786,36652.011466988784,54.59791923890445,118.982
26,598,2,139245.44324372298,140752.4426585051,67.15958241755372,82.836
25,598,2,148499.77685096196,149987.728408815,67.72238562916365,82.172
22,598,2,26119.91863794484,28494.409991847853,52.932815381969164,121.896
19,598,2,111114.28491020956,112635.75710774497,65.04641967493437,86.476
5,598,2,41308.56684825627,43230.380106052915,56.68015199907776,113.29799999999999
30,599,2,123776.03447392429,125615.97857872043,66.0884249297212,84.92399999999999
20,599,2,124432.46124174607,126275.56303688986,66.19213594550575,84.556
10,600,2,42288.19836867614,44419.848112764535,57.44514067065351,114.16199999999999
37,600,2,79613.58639458595,81526.89777150798,63.641615846524964,102.116
36,600,2,47785.877530026315,49901.46724717175,58.80797816086965,110.654
35,600,2,77897.81090150887,79808.57801412756,63.418828195734385,102.51599999999999
34,600,2,26514.451990813646,29028.510528441115,53.24856773323678,120.806
1,600,2,154989.58937637374,156617.15646249795,68.43026108531978,81.18199999999999
32,600,2,151234.56515926943,152898.01011882132,68.16029797131853,82.05
2,600,2,35932.204335899856,38299.68605611342,55.49417671634678,117.606
29,600,2,105418.96617061592,106959.44342279874,64.75384155742775,87.094
28,600,2,28500.988879260876,30691.584454302265,53.67491384133355,120.98599999999999
27,600,2,75125.30373732335,77014.32429743596,63.21981508743543,101.85
4,600,2,54653.916003938706,56730.78536487857,59.66679054592908,109.466
24,600,2,119324.1986758103,120973.45132803137,65.73370334681823,85.338
23,600,2,65946.49630956385,67957.05235649702,62.00765522681898,104.69399999999999
6,600,2,96746.96220970653,98420.88880018664,64.15464499811992,88.342
21,600,2,81907.9332305038,83745.28910148256,63.80095996157562,101.80799999999999
38,600,2,67669.9811274361,69634.99328967383,62.23276339689067,104.28999999999999
18,600,2,59024.874982570975,61133.286474017885,61.03832989075142,105.91799999999999
7,600,2,22378.45225477541,24505.81155800226,50.539084931578635,113.648
16,600,2,104933.79778218378,106475.658077809,64.69903961420623,87.21
15,600,2,47818.15767361757,49933.531712090364,58.869105631286075,109.56599999999999
14,600,2,142043.2493142668,143686.1094958212,67.59811584496497,82.71199999999999
8,600,2,92150.91446099646,93819.60348827644,63.83170298051571,88.68799999999999
12,600,2,57365.379653569216,59345.03058154346,60.47721737573389,108.36
11,600,2,45149.229684702266,47313.27282762704,58.2702198713543,112.714
9,600,2,132242.4600640207,133880.7666276993,66.6972474018,83.568
39,600,2,116628.07939668711,118253.48804816384,65.61720184827288,86.04799999999999
