pareto_idx,magnets,layers,homogeneity_ppm,B0_mT,length_mm
1,148,2,4894.715190302386,67.2430970086159,76.13799999999999
35,148,2,5864.066564730553,67.46933322644432,75.86999999999999
18,150,2,7141.912272206389,68.62065540118694,75.64999999999999
30,150,2,8125.694858144376,69.00350846978712,75.898
11,150,2,10218.887937272779,69.50814954275366,75.51599999999999
7,150,2,11334.673850987254,70.79542533370876,73.106
20,150,2,14194.88702352917,71.49821945543609,73.05199999999999
38,150,2,16805.976486563814,72.51027853607486,72.654
19,150,2,18392.579639022442,72.84941992214507,72.41199999999999
10,150,2,20182.58686802839,73.78052382995917,70.344
37,150,2,22174.082832644734,74.5577124177751,70.25
31,150,2,22286.049851150176,74.5793847473419,70.236
9,150,2,24855.823465743517,75.51279700835603,70.71
25,150,2,27933.76123001036,75.963933452931,70.172
34,150,2,29176.721184761394,76.27254340023302,70.68599999999999
28,150,2,32129.843043062207,77.71267530778474,68.51599999999999
27,150,2,33348.90487591023,77.93822445708777,68.43599999999999
16,150,2,36091.249712249475,78.4918333001541,67.34
14,150,2,38705.13191123935,79.02033880857093,67.724
13,150,2,41719.34303031131,79.6103056067642,67.34
21,150,2,44488.48910323982,80.1740994889474,66.916
2,150,2,49845.88707694045,81.02685099641926,65.744
5,150,2,55737.850249443065,81.81135147710798,66.116
17,150,2,59784.99856224389,82.17038957560274,65.8
22,150,2,60836.88967669465,82.82316746066687,65.248
12,150,2,65338.83398239355,82.93486981736635,65.776
4,150,2,69271.24289217072,83.5081344947619,64.38
3,150,2,74530.95048404176,84.21928968205081,64.37
24,150,2,78416.56618766468,85.03235905237126,63.86
23,150,2,78692.08976606408,85.13090102191559,63.744
6,150,2,85059.31869239465,85.526854636029,62.858000000000004
36,150,2,88315.96567412837,86.11137959172876,63.282000000000004
39,150,2,88596.85592648716,86.13934886469285,63.264
33,150,2,92865.02864031684,86.36614942093087,63.196
15,150,2,98063.2757616378,86.88721193200246,62.652
29,150,2,102779.72544614317,87.36948702046328,62.538000000000004
32,150,2,103146.93812696835,87.40122002818102,62.518
8,150,2,109327.88719289139,87.53041267801773,62.894
26,150,2,114328.0608422398,87.97052524966328,62.596000000000004
0,150,2,115871.39951194004,88.09592596652504,62.594
