pareto_idx,magnets,layers,asbuilt_p90_ppm,B0_mT,length_mm
1,79,2,11934.64288636569,50.19414732399002,57.414
2,80,2,9381.352747323472,51.07790959970835,57.482
25,82,2,6511.435192756234,51.00695677370995,57.816
24,84,2,6303.6571011004935,50.642022840526906,60.748000000000005
18,84,2,6303.6571011004935,50.642022840526906,60.748000000000005
14,84,2,6303.6571011004935,50.642022840526906,60.748000000000005
26,89,2,6117.882102160826,50.937495001336046,64.456
16,95,2,5862.161737531442,53.045732250476306,66.91
31,95,2,5862.161737531442,53.045732250476306,66.91
29,95,2,5862.161737531442,53.045732250476306,66.91
23,95,2,5862.161737531442,53.045732250476306,66.91
22,95,2,5862.161737531442,53.045732250476306,66.91
17,95,2,5862.161737531442,53.045732250476306,66.91
11,98,2,5843.526523983087,52.07865930430834,64.102
28,104,2,5700.850248730082,54.75441048306679,64.244
33,104,2,5700.850248730082,54.75441048306679,64.244
6,110,3,5479.360958737795,55.361507594188126,64.042
8,122,3,5447.0664488814755,60.45070324159042,65.822
19,124,2,5293.182133757009,59.92299737801104,63.018
15,124,2,5293.182133757009,59.92299737801104,63.018
12,129,2,5252.273190268992,60.693134865075244,64.562
27,132,3,5202.089153724002,61.29991907543509,64.514
20,133,2,5189.499413032334,62.04592743621541,64.092
21,133,2,5189.499413032334,62.04592743621541,64.092
13,134,2,5180.135428709334,62.5669918798969,64.362
32,138,2,4953.870126850909,64.06758072811013,64.13
7,138,2,4953.870126850909,64.06758072811013,64.13
10,150,3,4871.837922902942,59.92837215169119,142.92
30,150,3,4871.837922902942,59.92837215169119,142.92
5,151,3,4853.739943625373,65.94442498464926,66.004
9,165,2,4323.058408898317,68.53122335868315,66.38
4,165,2,4323.058408898317,68.53122335868315,66.38
3,210,3,4156.42081438759,76.68911837274045,65.97
0,224,3,4114.606678412848,75.97195476842768,71.21799999999999
